menu_item_id,nombre,categoria,activo,clasificacion,recomendacion,decision_daniel
ws-actama27042601,SPRW - TOAST SALMON,activaciones,SI,SIN_FUENTE,crear receta,
ws-vl0011,BACARDI BCO 2oz,alcohol,SI,SIN_FUENTE,direct_stock (botella/oz),
al1,Cerveza Artesanal,alcohol,NO,NO_ACTION,inactivo,
ws-boh012,GIN DE LYCHEES,alcohol,SI,SIN_FUENTE,receta (coctel) o direct_stock,
ws-boh097,KINGSTON COFFEE,alcohol,SI,SIN_FUENTE,receta (coctel),
ws-vlo10,LICOR 43 2oz,alcohol,SI,SIN_FUENTE,direct_stock (oz),
ws-beoh001,MARGARITA ROSE,alcohol,SI,SIN_FUENTE,receta (coctel),
ws-boh006,MEZCALINTA DE JAMAICA,alcohol,SI,SIN_FUENTE,receta (coctel),
ws-boh005,MEZCALITA MANGO-PEPINO,alcohol,SI,SIN_FUENTE,receta (coctel),
ws-boh009,MEZCALITA MARACUYA,alcohol,SI,SIN_FUENTE,receta (coctel),
ws-boh023,STRAWBERRY PASION,alcohol,SI,SIN_FUENTE,receta (coctel),
al2,Vino Copa Tinto,alcohol,NO,NO_ACTION,inactivo,
ws-boh101,VINO ESPUMOSO BOTELLA,alcohol,SI,SIN_FUENTE,direct_stock (botella),
ws-pc007,GUACAMOLE,appetizers,SI,SIN_FUENTE,crear receta,
ws-pna021,CINAMMON ROLL BUTTER GLASS,bakery,SI,SIN_FUENTE,direct_stock o receta,
ws-ext010,Pan,bakery,SI,SIN_FUENTE,direct_stock,
bw2,FRUIT BOWL,bowls,SI,SIN_FUENTE,crear receta,
cv2,Ceviche Clasico,ceviche,NO,NO_ACTION,inactivo,
c1b,Chilaquiles Rojos,chilaquiles,NO,NO_ACTION,inactivo,
c1a,Chilaquiles Verdes,chilaquiles,NO,NO_ACTION,inactivo,
ws-chi008,COLD BREW,coffee,SI,SIN_FUENTE,crear receta,
ws-chi006,MATCHA LATTE CALIENTE,coffee,SI,SIN_FUENTE,crear receta,
cf7,Mocca Latte Caliente,coffee,NO,RECETA_INVALIDA,inactivo — arreglar receta si se reactiva,
cf9,Mocca Latte Frio,coffee,NO,RECETA_INVALIDA,inactivo — arreglar receta si se reactiva,
ws-chi013,RED VELVET LATTE,coffee,SI,SIN_FUENTE,crear receta,
cr1,CROQUE MADAME AMALAY,croissants,SI,SIN_FUENTE,crear receta,
cr5,Mummas Breakfast Croissant,croissants,NO,NO_ACTION,inactivo,
e9,BENEDICT OMELET,eggs,SI,SIN_FUENTE,crear receta,
e5,Egg and Pancake Combo,eggs,NO,NO_ACTION,inactivo,
e3,GARDEN OMELET,eggs,SI,RECETA_INVALIDA,arreglar unidad/ingrediente,
e2,Half & Half Combo,eggs,NO,NO_ACTION,inactivo,
ws-keb001,KETO PANELA WALLANDER,eggs,SI,RECETA_INVALIDA,arreglar unidad/ingrediente,
e1,MACHACADO CON HUEVO,eggs,SI,RECETA_INVALIDA,arreglar unidad/ingrediente,
e7,MISS BENEDICT KETO-PANELA WALLANDER,eggs,SI,SIN_FUENTE,crear receta,
e6,MISS. BENEDICT,eggs,SI,RECETA_INVALIDA,arreglar unidad/ingrediente,
e8,MR. BENEDICT,eggs,SI,RECETA_INVALIDA,arreglar unidad/ingrediente,
ws-dec200,DECORACION EVENTO $300,evento,SI,SIN_FUENTE,non_inventory,
ws-dec500,DECORACION EVENTO $500,evento,SI,SIN_FUENTE,non_inventory,
ws-ext036,CHICHARRON,extras,SI,SIN_FUENTE,direct_stock o receta,
ws-ma0075,EXT. SALSA ROJAMAICA,extras,SI,SIN_FUENTE,receta (sub-receta salsa),
ws-mar436,CHAMOYADA MARACUYA,frappes,SI,SIN_FUENTE,crear receta,
ws-ch002,CHAMOYADA PINA-TAMARINDO,frappes,SI,SIN_FUENTE,crear receta,
fr1,FRAPPE MATCHA,frappes,SI,RECETA_INVALIDA,arreglar unidad/ingrediente,
fr4,Frappe Oreo,frappes,NO,RECETA_INVALIDA,inactivo,
ws-fra22042501,MANGO PEACH PASSION FRUIT,frappes,SI,SIN_FUENTE,crear receta,
f5,Horchata Natural,fresh,NO,RECETA_INVALIDA,inactivo,
f4,Jamaica Natural,fresh,NO,RECETA_INVALIDA,inactivo,
ws-7503026985038,KOMBUCHA JAMAICA SALVAJE 377ML,fresh,SI,SIN_FUENTE,direct_stock (embotellado),
ws-beb032,KOMBUCHA MANZANA JENGIBRE 377ML,fresh,SI,SIN_FUENTE,direct_stock (embotellado),
ws-7503026985045,KOMBUCHA MORA FEROZ 377ML,fresh,SI,SIN_FUENTE,direct_stock (embotellado),
ws-ext022,BOLA DE NIEVE POSTRE,icecream,SI,SIN_FUENTE,direct_stock (porcion),
ws-lug002,NIEVE CHOC AVELLANA 130GR,icecream,SI,SIN_FUENTE,direct_stock,
ws-lug003,NIEVE PAY DE LIMON 130GR,icecream,SI,SIN_FUENTE,direct_stock,
ws-lug001,NIEVE FRUTOS ROJOS 130GR,icecream,SI,SIN_FUENTE,direct_stock,
ws-lug004,NIEVE MARACUYA-GUANABANA 130GR,icecream,SI,SIN_FUENTE,direct_stock,
ws-lug005,NIEVE VAINILLA PAPANTLA 130GR,icecream,SI,SIN_FUENTE,direct_stock,
ws-amajug18032601,JUGO ALERT SERVIDO,jugos,SI,SIN_FUENTE,crear receta,
j3,Jugo Be Inmune,jugos,NO,RECETA_INVALIDA,inactivo,
ws-amajug18032602,JUGO BE INMUNE SERVIDO,jugos,SI,SIN_FUENTE,crear receta,
j4,Jugo Dr Detox,jugos,NO,RECETA_INVALIDA,inactivo,
ws-amajug18032603,JUGO DR DETOX SERVIDO,jugos,SI,SIN_FUENTE,crear receta,
ws-be5020,JUGO GREEN ALCHEMIST SERVIDO,jugos,SI,SIN_FUENTE,crear receta,
j5,Jugo U Glow,jugos,NO,RECETA_INVALIDA,inactivo,
ws-amajug18032604,JUGO U GLOW SERVIDO,jugos,SI,SIN_FUENTE,crear receta,
ws-be5008,UNICORP JUGO ALERT 473ML,jugos,SI,SIN_FUENTE,direct_stock (embotellado),
ws-be5010,UNICORP JUGO BE INMUNE 473ML,jugos,SI,SIN_FUENTE,direct_stock (embotellado),
ws-be5007,UNICORP JUGO DR DETOX 473ML,jugos,SI,SIN_FUENTE,direct_stock (embotellado),
ws-be5006,UNICORP JUGO GREEN ALCHEMIST 473ML,jugos,SI,SIN_FUENTE,direct_stock (embotellado),
ws-be5009,UNICORP JUGO U GLOW 473ML,jugos,SI,SIN_FUENTE,direct_stock (embotellado),
ws-vl002,400 CONEJOS 2OZ,licores,SI,RECETA_INVALIDA,direct_stock (oz) o arreglar,
ws-boh025,JOHNNIE WALKER 2OZ,licores,SI,SIN_FUENTE,direct_stock (oz),
ws-vl022,MEZCAL VERDE AMARAS ESPADIN,licores,SI,SIN_FUENTE,direct_stock,
ws-vl005,MTRO TEQ. DOBEL 2OZ,licores,SI,SIN_FUENTE,direct_stock (oz),
ws-lic15032501,MTRO TEQ. REPOSADO 2OZ,licores,SI,SIN_FUENTE,direct_stock (oz),
ws-mun007,FRESH & HEALTHY PAVO,munchies,SI,SIN_FUENTE,crear receta,
bk2,HEALTHY CRUNCHY MIX,munchies,SI,SIN_FUENTE,direct_stock,
ws-mun001,PLATO CRUDITIES SALSA ROJAMAICA,munchies,SI,SIN_FUENTE,crear receta,
ws-keb004,BISKETO HARINA ALMENDRA,pancakes,SI,SIN_FUENTE,crear receta,
promo4,FRENCH TOAST,pancakes,SI,SIN_FUENTE,crear receta,
pw3,Red Velvet Pancakes,pancakes,NO,NO_ACTION,inactivo,
pn2,Caprese Panini,paninis,NO,NO_ACTION,inactivo,
promo1,COMBO AMALAY,paninis,SI,RECETA_INVALIDA,combo → non_inventory (componentes deplietan),
ws-promo190125,COZY COMBO (SOPA/PANNINI),paninis,SI,SIN_FUENTE,combo → non_inventory,
ws-promo190126,COZY COUPLE (PAN/CAFE),paninis,SI,SIN_FUENTE,combo → non_inventory,
ws-syp003,TURKEY PANINI,paninis,SI,SIN_FUENTE,crear receta,
ws-syp004,VEGAN PANINI,paninis,SI,RECETA_INVALIDA,arreglar unidad/ingrediente,
ws-sou013,PASTA BOLOGESE,pizzas,SI,SIN_FUENTE,crear receta,
pz4,Pasta Bolognese,pizzas,NO,NO_ACTION,inactivo,
pz3,PIZZA MARGARITA,pizzas,SI,SIN_FUENTE,crear receta,
ws-pzz002,PIZZA PEPERONI,pizzas,SI,SIN_FUENTE,crear receta,
pz2,Pizza Pepperoni,pizzas,NO,NO_ACTION,inactivo,
ws-pzz004,PIZZA PROSCIUTO,pizzas,SI,SIN_FUENTE,crear receta,
ws-pos051,AMALAY TRIPLE CHOCOLATE,postres,SI,SIN_FUENTE,direct_stock (rebanada),
ws-pos015,COCADA,postres,SI,SIN_FUENTE,direct_stock,
ws-pos010,PASTEL CUMPLEANOS AMALAY,postres,SI,SIN_FUENTE,direct_stock,
ds5,Pastel de Chocolate,postres,NO,NO_ACTION,inactivo,
ds4,Tiramisu,postres,NO,NO_ACTION,inactivo,
ws-amapro27022502,CROQUE MONSIEUR,promos,SI,SIN_FUENTE,crear receta,
sm5,Smoothie Choco-Peanut Butter,smoothies,NO,RECETA_INVALIDA,inactivo,
sm1,SMOOTHIE MANGO-MATCHA,smoothies,SI,RECETA_INVALIDA,arreglar unidad/ingrediente,
sm3,SMOOTHIE TROPICAL COCONUT,smoothies,SI,RECETA_INVALIDA,arreglar unidad/ingrediente,
ws-smo002,SMOOTHIE TROPICAL PINEAPLE,smoothies,SI,SIN_FUENTE,crear receta,
sd4,Agua Amalay 500ml,sodas,NO,NO_ACTION,inactivo,
sd2,COCA COLA SIN AZUCAR 355ML,sodas,SI,SIN_FUENTE,direct_stock (embotellado),
ws-so08042501,MANDOLIN KOMBUCHA 475ML,sodas,SI,SIN_FUENTE,direct_stock (embotellado),
ws-sou003,AMALAY SALAD.,soups,SI,RECETA_INVALIDA,tiene sub-recetas — materializar con soporte sub,
ws-sys13032501,FRENCH COMBO,soups,SI,SIN_FUENTE,combo → non_inventory,
ws-sou004,GREEN SALAD,soups,SI,RECETA_INVALIDA,arreglar unidad/ingrediente,
ws-tt004,TE MENTA INFUSION,tea,SI,SIN_FUENTE,receta simple (te+agua),
te2,Te Verde,tea,NO,RECETA_INVALIDA,inactivo,
ws-tt009,TISANA BORA BORA,tea,SI,SIN_FUENTE,receta simple,
ws-tt015,TISANA DATIL CITRUS,tea,SI,SIN_FUENTE,receta simple,
ws-tt005,TISANA FRESA KIWI,tea,SI,SIN_FUENTE,receta simple,
ws-tt017,TISANA HONEY BEE,tea,SI,SIN_FUENTE,receta simple,
ws-tt016,TISANA JENGIBRE LIMON,tea,SI,SIN_FUENTE,receta simple,
ws-tt006,TISANA MORAS DE LA SELVA,tea,SI,SIN_FUENTE,receta simple,
ws-tt008,TISANA PONCHE DE GUAYABA,tea,SI,SIN_FUENTE,receta simple,
t3,EL MEXICANO TOAST,toast,SI,SIN_FUENTE,crear receta,
ws-vl011,BOTELLA ARROGANT FROG TINTO,vinos,SI,SIN_FUENTE,direct_stock (botella),
ws-vl021,BOTELLA CASA MADERO 2V,vinos,SI,SIN_FUENTE,direct_stock (botella),
ws-vl006,BOTELLA CASA MADERO 3V,vinos,SI,SIN_FUENTE,direct_stock (botella),
ws-vl018,BOTELLA CHIVITE ROSADO,vinos,SI,SIN_FUENTE,direct_stock (botella),
ws-vl010,BOTELLA FLOR DE ABA TINTO,vinos,SI,SIN_FUENTE,direct_stock (botella),
ws-vl012,BOTELLA LAUS ROSADO,vinos,SI,SIN_FUENTE,direct_stock (botella),
ws-vl009,BOTELLA LAUS TINTO BARRICA,vinos,SI,SIN_FUENTE,direct_stock (botella),
ws-vl008,BOTELLA LJ VERDEJO BLANCO,vinos,SI,SIN_FUENTE,direct_stock (botella),
ws-vl016,BOTELLA MADERO V ROSADO,vinos,SI,SIN_FUENTE,direct_stock (botella),
ws-vl004,COPA FLOR DE ABA TINTO,vinos,SI,SIN_FUENTE,direct_stock (copa) o receta,
ws-vl007,COPA LAUS ROSADO,vinos,SI,SIN_FUENTE,direct_stock (copa) o receta,
ws-vl003,COPA LAUS TINTO BARRICA,vinos,SI,SIN_FUENTE,direct_stock (copa) o receta,
ws-vl001,COPA LJ VERDEJO BCO,vinos,SI,SIN_FUENTE,direct_stock (copa) o receta,
